label,text
0,Hi Chachi tried calling u now unable to reach u .. Pl give me a missed cal once u c tiz msg  Kanagu
0,"Yalru lyfu astne chikku.. Bt innu mundhe lyf ali halla ke bilo (marriage)program edhae, so lyf is nt yet ovr chikku..ali vargu lyfu meow meow:-D"
0,Dare i ask... Any luck with sorting out the car?
0,O. Guess they both got screwd
0,"She said,'' do u mind if I go into the bedroom for a minute ? '' ''OK'', I sed in a sexy mood. She came out 5 minuts latr wid a cake...n My Wife,"
0,Another month. I need chocolate weed and alcohol.
0,Stupid.its not possible
1,Enjoy the jamster videosound gold club with your credits for 2 new videosounds+2 logos+musicnews! get more fun from jamster.co.uk! 16+only Help? call: 09701213186 
0,Where you. What happen
1,Do you want a new Video handset? 750 any time any network mins? UNLIMITED TEXT? Camcorder? Reply or Call now 08000930705 for del Sat AM
0,No. On the way home. So if not for the long dry spell the season would have been over
1,WINNER!! As a valued network customer you have been selected to receivea £900 prize reward! To claim call 09061701461. Claim code KL341. Valid 12 hours only.
1,UR awarded a City Break and could WIN a £200 Summer Shopping spree every WK. Txt STORE to 88039.SkilGme.TsCs087147403231Winawk!Age16+£1.50perWKsub
0,I keep ten rs in my shelf:) buy two egg.
0,Oh ya ya. I remember da. .
0,What time should I tell my friend to be around?
1,Dont forget you can place as many FREE Requests with 1stchoice.co.uk as you wish. For more Information call 08707808226.
1,This message is brought to you by GMW Ltd. and is not connected to the
1,You can donate £2.50 to UNICEF's Asian Tsunami disaster support fund by texting DONATE to 864233. £2.50 will be added to your next bill
1,Call 09095350301 and send our girls into erotic ecstacy. Just 60p/min. To stop texts call 08712460324 (nat rate)
0,I'm in a movie... Collect car oredi...
0,they released another Italian one today and it has a cosign option
0,ok. I am a gentleman and will treat you with dignity and respect.
0,Not able to do anything.
0,&lt;#&gt;  w jetton ave if you forgot
0,"Awesome, I remember the last time we got somebody high for the first time with diesel :V"
0,Hey loverboy! I love you !! I had to tell ... I look at your picture and ache to feel you between my legs ... Fuck I want you ... I need you ... I crave you .
0,U ned to convince him tht its not possible witot hurting his feeling its the main
0,Friendship poem: Dear O Dear U R Not Near But I Can Hear Dont Get Fear Live With Cheer No More Tear U R Always my Dear. Gud ni8
1,"Want to funk up ur fone with a weekly new tone reply TONES2U 2 this text. www.ringtones.co.uk, the original n best. Tones 3GBP network operator rates apply"
0,Not thought bout it... || Drink in tap & spile at seven. || Is that pub on gas st off broad st by canal. || Ok?
0,Near kalainar tv office.thenampet
0,Does daddy have a bb now.
0,I have to take exam with in march 3
1,Get the official ENGLAND poly ringtone or colour flag on yer mobile for tonights game! Text TONE or FLAG to 84199. Optout txt ENG STOP Box39822 W111WX £1.50
0,JADE ITS PAUL. Y DIDNT U TXT ME? DO U REMEMBER ME FROM BARMED? I WANT 2 TALK 2 U! TXT ME
0,Dude ive been seeing a lotta corvettes lately
1,"Congrats! 1 year special cinema pass for 2 is yours. call 09061209465 now! C Suprman V, Matrix3, StarWars3, etc all 4 FREE! bx420-ip4-5we. 150pm. Dont miss out! "
0,Too late. I said i have the website. I didn't i have or dont have the slippers
0,That is wondar full flim.
0,"Buzz! Hey, my Love ! I think of you and hope your day goes well. Did you sleep in ? I miss you babe. I long for the moment we are together again*loving smile*"
0,You will be in the place of that man
0,I want to send something that can sell fast.  &lt;#&gt; k is not easy money.
0,"Babe, I'm answering you, can't you see me ? Maybe you'd better reboot YM ... I got the photo ... It's great !"
1,Are you unique enough? Find out from 30th August. www.areyouunique.co.uk
0,either way works for me. I am  &lt;#&gt;  years old. Hope that doesnt bother you.
0,Ok lar... Joking wif u oni...
0,I think if he rule tamilnadu..then its very tough for our people.
0,Do you think i can move  &lt;#&gt;  in a week
0,"Party's at my place at usf, no charge (but if you can contribute in any way it is greatly appreciated) and yeah, we got room for one more"
1,"Hi, this is Mandy Sullivan calling from HOTMIX FM...you are chosen to receive £5000.00 in our Easter Prize draw.....Please telephone 09041940223 to claim before 29/03/05 or your prize will be transferred to someone else...."
0,Why did I wake up on my own &gt;:(
0,Check mail.i have mailed varma and kept copy to you regarding membership.take care.insha allah.
0,What I'm saying is if you haven't explicitly told nora I know someone I'm probably just not gonna bother
0,Hello. They are going to the village pub at 8 so either come here or there accordingly. Ok?
0,"Yep, at derek's house now, see you Sunday &lt;3"
1,We tried to contact you re your reply to our offer of a Video Handset? 750 anytime any networks mins? UNLIMITED TEXT? Camcorder? Reply or call 08000930705 NOW
0,Really good:)dhanush rocks once again:)
0,"I'm not smoking while people use ""wylie smokes too much"" to justify ruining my shit"
0,Lemme know when you're here
0,"Yes but i dont care! I need you bad, princess!"
0,Ffffffffff. Alright no way I can meet up with you sooner?
0,"Well, I have to leave for my class babe ... You never came back to me ... :-( ... Hope you have a nice sleep, my love"
0,Play w computer? Aiyah i tok 2 u lor?
1,CDs 4u: Congratulations ur awarded £500 of CD gift vouchers or £125 gift guaranteed & Freeentry 2 £100 wkly draw xt MUSIC to 87066 TnCs www.ldew.com1win150ppmx3age16 
0,You all ready for * big day tomorrow?
0,Pls send me the correct name da.
0,Aiyar sorry lor forgot 2 tell u...
0,I sent you  &lt;#&gt;  bucks
0,Really do hope the work doesnt get stressful. Have a gr8 day.
0,"What do u reckon as need 2 arrange transport if u can't do it, thanks"
1,"Do you ever notice that when you're driving, anyone going slower than you is an idiot and everyone driving faster than you is a maniac?"
0,I love u 2 my little pocy bell I am sorry but I love u
0,We don call like  &lt;#&gt;  times oh. No give us hypertension oh.
0,Oh yeah! And my diet just flew out the window
1,Had your mobile 11mths ? Update for FREE to Oranges latest colour camera mobiles & unlimited weekend calls. Call Mobile Upd8 on freefone 08000839402 or 2StopTx
1,Last chance 2 claim ur £150 worth of discount vouchers-Text YES to 85023 now!SavaMob-member offers mobile T Cs 08717898035. £3.00 Sub. 16 . Remove txt X or STOP
0,Do you always celebrate NY's with your family ?
1,"SIX chances to win CASH! From 100 to 20,000 pounds txt> CSH11 and send to 87575. Cost 150p/day, 6days, 16+ TsandCs apply Reply HL 4 info"
0,S.i think he is waste for rr..
0,26th OF JULY
0,No:-)i got rumour that you going to buy apartment in chennai:-)
0,make that 3! 4 fucks sake?! x
0,Yup. Thk of u oso boring wat.
0,Small problem in auction:)punj now asking tiwary
1,You are a winner U have been specially selected 2 receive £1000 cash or a 4* holiday (flights inc) speak to a live operator 2 claim 0871277810810
0,Dis is yijue. I jus saw ur mail. In case huiming havent sent u my num. Dis is my num.
1,"Had your contract mobile 11 Mnths? Latest Motorola, Nokia etc. all FREE! Double Mins & Text on Orange tariffs. TEXT YES for callback, no to remove from records."
1,Show ur colours! Euro 2004 2-4-1 Offer! Get an England Flag & 3Lions tone on ur phone! Click on the following service message for info!
0,It has everything to do with the weather. Keep extra warm. Its a cold but nothing serious. Pls lots of vitamin c
1,Todays Voda numbers ending 5226 are selected to receive a ?350 award. If you hava a match please call 08712300220 quoting claim code 1131 standard rates app 
0,Are you free now?can i call now?
0,Where u been hiding stranger?
0,Aft i finish my lunch then i go str down lor. Ard 3 smth lor. U finish ur lunch already?
1,New TEXTBUDDY Chat 2 horny guys in ur area 4 just 25p Free 2 receive Search postcode or at gaytextbuddy.com. TXT ONE name to 89693
0,I wnt to buy a BMW car urgently..its vry urgent.but hv a shortage of  &lt;#&gt; Lacs.there is no source to arng dis amt. &lt;#&gt; lacs..thats my prob
0,Where's mummy's boy ? Is he being good or bad ? Is he being positive or negative ? Why is mummy being made to wait? Hmmmm?
0,Neva mind it's ok..
0,Beautiful truth : Expression of the face could Be seen by everyone... But the depression of heart Could be understood only By the Loved ones.. Gud Ni8;-)
0,"Neither [in sterm voice] - i'm studying. All fine with me! Not sure the  thing will be resolved, tho. Anyway. Have a fab hols"
0,Allo! We have braved the buses and taken on the trains and triumphed. I mean we‘re in b‘ham. Have a jolly good rest of week
0,How long does applebees fucking take
0,Howz pain?hope u r fine..
0,Prof: you have passed in all the papers in this sem congrats . . . . Student: Enna kalaachutaarama..!! Prof:???? Gud mrng!
0,Waiting in e car 4 my mum lor. U leh? Reach home already?
0,See the forwarding message for proof
1,Customer service annoncement. You have a New Years delivery waiting for you. Please call 07046744435 now to arrange delivery
0,Then ur sis how?
0,Networking job is there.
0,meet you in corporation st outside gap … you can see how my mind is working!
0,"We made it! Eta at taunton is 12:30 as planned, hope that‘s still okday?! Good to see you! :-xx"
0,"Great. I'm in church now, will holla when i get out"
0,"I'm not sure, I was just checking out what was happening around the area"
0,I was wondering if it would be okay for you to call uncle john and let him know that things are not the same in nigeria as they r here. That  &lt;#&gt;  dollars is 2years sent and that you know its a strain but i plan to pay back every dime he gives. Every dime so for me to expect anything from you is not practical. Something like that.
0,I just cooked a rather nice salmon a la you
0,"Yo, call me when you get the chance, a friend of mine wanted me to ask you about a big order"
0,Ok i shall talk to him
0,Raviyog Peripherals bhayandar east
0,Pls call me da. What happen.
0,Hope you are having a good week. Just checking in
0,Sos! Any amount i can get pls.
0,And miss vday the parachute and double coins??? U must not know me very well...
0,Oooh I got plenty of those!
0,&lt;#&gt; ISH MINUTES WAS 5 MINUTES AGO. WTF.
0,S'fine. Anytime. All the best with it.
0,Hello darlin ive finished college now so txt me when u finish if u can love Kate xxx
0,But I'm on a diet. And I ate 1 too many slices of pizza yesterday. Ugh I'm ALWAYS on a diet.
1,"This is the 2nd time we have tried 2 contact u. U have won the £750 Pound prize. 2 claim is easy, call 087187272008 NOW1! Only 10p per minute. BT-national-rate."
0,Aiyo a bit pai seh ü noe... Scared he dun rem who i am then die... Hee... But he become better lookin oredi leh...
0,In the end she might still vomit but its okay. Not everything will come out.
1,"SMSSERVICES. for yourinclusive text credits, pls goto www.comuk.net login= 3qxj9 unsubscribe with STOP, no extra charge. help 08702840625.COMUK. 220-CM2 9AE"
0,Will it help if we propose going back again tomorrow
1,"Will u meet ur dream partner soon? Is ur career off 2 a flyng start? 2 find out free, txt HORO followed by ur star sign, e. g. HORO ARIES"
1,"Mila, age23, blonde, new in UK. I look sex with UK guys. if u like fun with me. Text MTALK to 69866.18 . 30pp/txt 1st 5free. £1.50 increments. Help08718728876"
0,Meeting u is my work. . . Tel me when shall i do my work tomorrow
0,I am in tirupur.  call you da.
0,"Gumby's has a special where a  &lt;#&gt; "" cheese pizza is $2 so I know what we're doin tonight"
1,URGENT! We are trying to contact U. Todays draw shows that you have won a £800 prize GUARANTEED. Call 09050003091 from land line. Claim C52. Valid12hrs only
0,Crazy ar he's married. Ü like gd looking guys not me. My frens like say he's korean leona's fave but i dun thk he is. Aft some thinking mayb most prob i'll go.
0,"Yeah, probably here for a while"
0,"Did he say how fantastic I am by any chance, or anything need a bigger life lift as losing the will 2 live, do you think I would be the first person 2 die from N V Q? "
0,Huh so slow i tot u reach long ago liao... U 2 more days only i 4 more leh...
0,Ok. How many should i buy.
0,What's up my own oga. Left my phone at home and just saw ur messages. Hope you are good. Have a great weekend.
0,I am waiting for your call sir.
0,What * u wearing?
0,Both :) i shoot big loads so get ready!
0,K do I need a login or anything
0,Ok.. Ü finishing soon?
0,This is hoping you enjoyed your game yesterday. Sorry i've not been in touch but pls know that you are fondly bein thot off. Have a great week. Abiola
0,"Christmas is An occasion that is Celebrated as a Reflection of UR... Values..., Desires..., Affections...&amp; Traditions.... Have an ideal Christmas..."
0,PLEASSSSSSSEEEEEE TEL ME V AVENT DONE SPORTSx
0,"K I'm ready,  &lt;#&gt; ?"
0,I know that my friend already told that.
1,"HOT LIVE FANTASIES call now 08707500020 Just 20p per min NTT Ltd, PO Box 1327 Croydon CR9 5WB 0870 is a national rate call"
0,Keep my payasam there if rinu brings
0,"You know, wot people wear. T shirts, jumpers, hat, belt, is all we know. We r at Cribbs"
0,Me too. Mark is taking forever to pick up my prescription and the pain is coming back.
1,Congratulations ur awarded 500 of CD vouchers or 125gift guaranteed & Free entry 2 100 wkly draw txt MUSIC to 87066 TnCs www.Ldew.com1win150ppmx3age16
1,"Shop till u Drop, IS IT YOU, either 10K, 5K, £500 Cash or £100 Travel voucher, Call now, 09064011000. NTT PO Box CR01327BT fixedline Cost 150ppm mobile vary"
0,Ding me on ya break fassyole! Blacko from londn
0,"I shall book chez jules for half eight, if that's ok with you?"
0,Yes.mum lookin strong:)
0,Remind me how to get there and I shall do so
0,Anyway seriously hit me up when you're back because otherwise I have to light up with armand and he always has shit and/or is vomiting
0,Dont worry. I guess he's busy.
0,Realy sorry-i don't recognise this number and am now confused :) who r u please?! 
0,Ok c ü then.
0,"Nt only for driving even for many reasons she is called BBD..thts it chikku, then hw abt dvg cold..heard tht vinobanagar violence hw is the condition..and hw ru ? Any problem?"
0,"It's cool, we can last a little while. Getting more any time soon?"
0,"I know you are thinkin malaria. But relax, children cant handle malaria. She would have been worse and its gastroenteritis. If she takes enough to replace her loss her temp will reduce. And if you give her malaria meds now she will just vomit. Its a self limiting illness she has which means in a few days it will completely stop"
0,"Arngd marriage is while u r walkin unfortuntly a snake bites u. bt love marriage is dancing in frnt of d snake &amp; sayin Bite me, bite me."
0,Nice.nice.how is it working?
0,Just sent it. So what type of food do you like?
1,WIN a £200 Shopping spree every WEEK Starting NOW. 2 play text STORE to 88039. SkilGme. TsCs08714740323 1Winawk! age16 £1.50perweeksub.
0,Your bill at 3 is £33.65 so thats not bad!
0,Can you talk with me..
0,That's y we haf to combine n c how lor...
0,No problem. How are you doing?
0,Pls tell nelson that the bb's are no longer comin. The money i was expecting aint coming
0,But really quite funny lor wat... Then u shd haf run shorter distance wat...
1,Free video camera phones with Half Price line rental for 12 mths and 500 cross ntwk mins 100 txts. Call MobileUpd8 08001950382 or Call2OptOut/674
0,Have a safe trip to Nigeria. Wish you happiness and very soon company to share moments with
0,Ofcourse I also upload some songs
0,I had askd u a question some hours before. Its answer
0,Was the farm open?
0,Come aftr  &lt;DECIMAL&gt; ..now i m cleaning the house
1,"3 FREE TAROT TEXTS! Find out about your love life now! TRY 3 FOR FREE! Text CHANCE to 85555 16 only! After 3 Free, Msgs £1.50 each"
0,You please give us connection today itself before  &lt;DECIMAL&gt;  or refund the bill
0,I emailed yifeng my part oredi.. Can ü get it fr him..
0,"Doing nothing, then u not having dinner w us?"
0,I'll meet you in the lobby
0,I lost 4 pounds since my doc visit last week woot woot! Now I'm gonna celebrate by stuffing my face!
0,"Yo, I'm at my parents' gettin cash. Good news: we picked up a downstem"
0,Thts god's gift for birds as humans hav some natural gift frm god..
0,"Its ok., i just askd did u knw tht no?"
0,"Yeah I am, so I'll leave maybe 7ish?"
0,Where at were hungry too
1,December only! Had your mobile 11mths+? You are entitled to update to the latest colour camera mobile for Free! Call The Mobile Update VCo FREE on 08002986906 
1,important information 4 orange user 0789xxxxxxx. today is your lucky day!2find out why log onto http://www.urawinner.com THERE'S A FANTASTIC SURPRISE AWAITING YOU!
0,Shall I bring us a bottle of wine to keep us amused? Only joking! I‘ll bring one anyway
0,On the way to office da..
0,Want to send me a virtual hug?... I need one
0,"I love you !!! You know? Can you feel it? Does it make your belly warm? I wish it does, my love ... I shall meet you in your dreams, Ahmad ... *adoring kiss*"
0,Anything lor is she coming?
0,You're not sure that I'm not trying to make xavier smoke because I don't want to smoke after being told I smoke too much?
0,"House-Maid is the murderer, coz the man was murdered on  &lt;#&gt; th January.. As public holiday all govt.instituitions are closed,including post office..understand?"
0,Yup i thk cine is better cos no need 2 go down 2 plaza mah.
0,Sending you greetings of joy and happiness. Do have a gr8 evening
1,Gr8 new service - live sex video chat on your mob - see the sexiest dirtiest girls live on ur phone - 4 details text horny to 89070 to cancel send STOP to 89070
0,"Night has ended for another day, morning has come in a special way. May you smile like the sunny rays and leaves your worries at the blue blue bay. Gud mrng"
0,Havent mus ask if u can 1st wat. Of meet 4 lunch den u n him meet can already lor. Or u wan 2 go ask da ge 1st then confirm w me asap?
0,Okie...
1,FreeMsg: Fancy a flirt? Reply DATE now & join the UKs fastest growing mobile dating service. Msgs rcvd just 25p to optout txt stop to 83021. Reply DATE now!
0,But you dint in touch with me.
0,There are some nice pubs near here or there is Frankie n Bennys near the warner cinema?
0,Hai ana tomarrow am coming on morning.  &lt;DECIMAL&gt;  ill be there in sathy then we ll go to RTO office. Reply me after came to home.
0,"Brainless Baby Doll..:-D;-), vehicle sariyag drive madoke barolla.."
0,Its a site to simulate the test. It just gives you very tough questions to test your readiness.
0,hi my darlin im on my way to London and we have just been smashed into by another driver! and have a big dent! im really missing u what have u been up to? xxx
0,Yes.he have good crickiting mind
0,Hiya. How was last night? I've been naughty and bought myself clothes and very little ... Ready for more shopping tho! What kind of time do you wanna meet?
1,"As a valued customer, I am pleased to advise you that following recent review of your Mob No. you are awarded with a £1500 Bonus Prize, call 09066364589"
0,Any chance you might have had with me evaporated as soon as you violated my privacy by stealing my phone number from your employer's paperwork. Not cool at all. Please do not contact me again or I will report you to your supervisor.
0,Hey gorgeous man. My work mobile number is. Have a good one babe. Squishy Mwahs.
0,Hey you told your name to gautham ah?
0,I'm wif him now buying tix lar...
0,S.i'm watching it in live..
0,"I jus hope its true that  missin me cos i'm really missin him! You haven't done anything to feel guilty about, yet."
0,I've been barred from all B and Q stores for life!?This twat in orange dungerees came up to me and asked if I wanted decking? So I got the first punch in!!
1,You have won a Nokia 7250i. This is what you get when you win our FREE auction. To take part send Nokia to 86021 now. HG/Suite342/2Lands Row/W1JHL 16+
0,"How are you, my Love ? Are you with your brother ? Time to talk english with him ? *grins* Say : Hey Muhommad, Penny says hello from across the sea"
0,Hey we can go jazz power yoga hip hop kb and yogasana 
0,Today is ACCEPT DAY..U Accept me as? Brother Sister Lover Dear1 Best1 Clos1 Lvblefrnd Jstfrnd Cutefrnd Lifpartnr Belovd Swtheart Bstfrnd No rply means enemy
0,"Hey babe! I saw you came online for a second and then you disappeared, what happened ?"
0,Weightloss! No more girl friends. Make loads of money on ebay or something. And give thanks to God.
0,Dude got a haircut. Now its breezy up there
0,"I think your mentor is , but not 100 percent sure."
1,Ringtone Club: Get the UK singles chart on your mobile each week and choose any top quality ringtone! This message is free of charge.
0,Oh gei. That happend to me in tron. Maybe ill dl it in 3d when its out
0,Ok thanx...
0,O ic lol. Should play 9 doors sometime yo
0,"K I'm leaving soon, be there a little after 9"
0,Hi. I'm sorry i missed your call. Can you pls call back.
0,At WHAT TIME should i come tomorrow
0,Thats cool! I am a gentleman and will treat you with dignity and respect.
0,Glad it went well :) come over at 11 then we'll have plenty of time before claire goes to work.
0,Lol where do u come up with these ideas?
0,Me n him so funny...
0,Then why you came to hostel.
0,Is there a reason we've not spoken this year? Anyways have a great week and all the best in your exam
0,Please da call me any mistake from my side sorry da. Pls da goto doctor.
0,Check audrey's status right now
0,Haha i think i did too
0,You dont know you jabo me abi.
0,Sorry about that this is my mates phone and i didnt write it love Kate
0,Hey... Why dont we just go watch x men and have lunch... Haha 
0,"Yeah that's what I thought, lemme know if anything's goin on later"
0,"They can try! They can get lost, in fact. Tee hee"
1,Bloomberg -Message center +447797706009 Why wait? Apply for your future http://careers. bloomberg.com
0,Do you know what Mallika Sherawat did yesterday? Find out now @  &lt;URL&gt;
0,Desires- u going to doctor 4 liver. And get a bit stylish. Get ur hair managed. Thats it.
0,Sounds like a plan! Cardiff is still here and still cold! I'm sitting on the radiator!
1,We tried to call you re your reply to our sms for a video mobile 750 mins UNLIMITED TEXT free camcorder Reply or call now 08000930705 Del Thurs
0,Idea will soon get converted to live:)
0,Tomorrow i am not going to theatre. . . So i can come wherever u call me. . . Tell me where and when to come tomorrow
0,"Babe, I need your advice"
1,CLAIRE here am havin borin time & am now alone U wanna cum over 2nite? Chat now 09099725823 hope 2 C U Luv CLAIRE xx Calls£1/minmoremobsEMSPOBox45PO139WA
0,Hey mr  and I are going to the sea view and having a couple of gays I mean games! Give me a bell when ya finish 
0,IM GONNAMISSU SO MUCH!!I WOULD SAY IL SEND U A POSTCARD BUTTHERES ABOUTAS MUCH CHANCE OF MEREMEMBERIN ASTHERE IS OFSI NOT BREAKIN HIS CONTRACT!! LUV Yaxx
0,With my sis lor... We juz watched italian job.
0,Purity of friendship between two is not about smiling after reading the forwarded message..Its about smiling just by seeing the name. Gud evng musthu
0,Mm yes dear look how i am hugging you both. :-P
0,Hey what how about your project. Started aha da.
1,"accordingly. I repeat, just text the word ok on your mobile phone and send"
0,"Hey j! r u feeling any better, hopeSo hunny. i amnow feelin ill & ithink i may have tonsolitusaswell! damn iam layin in bedreal bored. lotsof luv me xxxx"
0,"It,,s a taxt massage....tie-pos argh ok! Lool!"
0,Lol boo I was hoping for a laugh
0,So lets make it saturday or monday as per convenience.
1,"Get 3 Lions England tone, reply lionm 4 mono or lionp 4 poly. 4 more go 2 www.ringtones.co.uk, the original n best. Tones 3GBP network operator rates apply."
0,Nice line said by a broken heart- Plz don't cum 1 more times infront of me... Other wise once again I ll trust U... Good 9t:)
0,Or ü go buy wif him then i meet ü later can?
0,"HEY BABE! FAR 2 SPUN-OUT 2 SPK AT DA MO... DEAD 2 DA WRLD. BEEN SLEEPING ON DA SOFA ALL DAY, HAD A COOL NYTHO, TX 4 FONIN HON, CALL 2MWEN IM BK FRMCLOUD 9! J X"
0,Haha mayb u're rite... U know me well. Da feeling of being liked by someone is gd lor. U faster go find one then all gals in our group attached liao.
0,Still otside le..u come 2morrow maga..
0,To day class is there are no class.
1,"500 New Mobiles from 2004, MUST GO! Txt: NOKIA to No: 89545 & collect yours today!From ONLY £1 www.4-tc.biz 2optout 087187262701.50gbp/mtmsg18 TXTAUCTION"
0,"MOON has come to color your dreams, STARS to make them musical and my SMS to give you warm and Peaceful Sleep. Good Night"
0,How. Its a little difficult but its a simple way to enter this place
0,watever reLation u built up in dis world only thing which remains atlast iz lonlines with lotz n lot memories! feeling..
0,"Yo, you around? Just got my car back"
0,"Hi Shanil,Rakhesh here.thanks,i have exchanged the uncut diamond stuff.leaving back. Excellent service by Dino and Prem."
1,Sexy Singles are waiting for you! Text your AGE followed by your GENDER as wither M or F E.G.23F. For gay men text your AGE followed by a G. e.g.23G.
0,Hey! Congrats 2u2. id luv 2 but ive had 2 go home!
0,I don't want you to leave. But i'm barely doing what i can to stay sane. fighting with you constantly isn't helping.
0,No I don't have cancer. Moms making a big deal out of a regular checkup aka pap smear
0,S:)no competition for him.
0,En chikku nange bakra msg kalstiya..then had tea/coffee?
0,Buy one egg for me da..please:)
0,The greatest test of courage on earth is to bear defeat without losing heart....gn tc
0,Pls i wont belive god.not only jesus.
0,"Its Ur luck to Love someone. Its Ur fortune to Love the one who Loves U. But, its a miracle to Love a person who can't Love anyone except U... Gud nyt..."
0,"The guy (kadeem) hasn't been selling since the break, I know one other guy but he's paranoid as fuck and doesn't like selling without me there and I can't be up there til late tonight"
0,"Good afternoon sunshine! How dawns that day ? Are we refreshed and happy to be alive? Do we breathe in the air and smile ? I think of you, my love ... As always"
0,"Hey sweet, I was wondering when you had a moment if you might come to me ? I want to send a file to someone but it won't go over yahoo for them because their connection sucks, remember when you set up that page for me to go to and download the format disc ? Could you tell me how to do that ? Or do you know some other way to download big files ? Because they can download stuff directly from the internet. Any help would be great, my prey ... *teasing kiss*"
0,Yeah my usual guy's out of town but there're definitely people around I know
0,You have got tallent but you are wasting.
0,So why didnt you holla?
0,HI DARLIN ITS KATE ARE U UP FOR DOIN SOMETHIN TONIGHT? IM GOING TO A PUB CALLED THE SWAN OR SOMETHING WITH MY PARENTS FOR ONE DRINK SO PHONE ME IF U CAN
0,I am in escape theatre now. . Going to watch KAVALAN in a few minutes
0,What do u want when i come back?.a beautiful necklace as a token of my heart for you.thats what i will give but ONLY to MY WIFE OF MY LIKING.BE THAT AND SEE..NO ONE can give you that.dont call me.i will wait till i come.
0,Hi. || Do u want | to join me with sts later? || Meeting them at five. || Call u after class.
0,"Good morning, my Love ... I go to sleep now and wish you a great day full of feeling better and opportunity ... You are my last thought babe, I LOVE YOU *kiss*"
0,it's really getting me down just hanging around.
0,Carlos says he'll be at mu in  &lt;#&gt;  minutes
0,"Haha, my friend tyler literally just asked if you could get him a dubsack"
0,:( but your not here....
1,A £400 XMAS REWARD IS WAITING FOR YOU! Our computer has randomly picked you from our loyal mobile customers to receive a £400 reward. Just call 09066380611 
0,"My friend, she's studying at warwick, we've planned to go shopping and to concert tmw, but it may be canceled, havn't seen  for ages, yeah we should get together sometime!"
0,So that takes away some money worries
0,"Coffee cake, i guess..."
0,Hi its Kate it was lovely to see you tonight and ill phone you tomorrow. I got to sing and a guy gave me his card! xxx
0,Dad went out oredi... 
0,I'm meeting Darren...
0,"Especially since i talk about boston all up in my personal statement, lol! I woulda changed that if i had realized it said nyc! It says boston now."
0,"Honey, can you pls find out how much they sell Predicte in Nigeria. And how many times can it be used. Its very important to have a reply before monday"
0,He didn't see his shadow. We get an early spring yay
0,God bless.get good sleep my dear...i will pray!
0,"Alright we'll bring it to you, see you in like  &lt;#&gt;  mins"
0,I was up all night too worrying about this appt. It's a shame we missed a girls night out with quizzes popcorn and you doing my hair.
0,"I can't, I don't have her number!"
0,Yes i will be there. Glad you made it.
0,Dunno lei shd b driving lor cos i go sch 1 hr oni.
0,I not free today i haf 2 pick my parents up tonite...
1,HMV BONUS SPECIAL 500 pounds of genuine HMV vouchers to be won. Just answer 4 easy questions. Play Now! Send HMV to 86688 More info:www.100percent-real.com
0,Uhhhhrmm isnt having tb test bad when youre sick
0,The whole car appreciated the last two! Dad and are having a map reading semi argument but apart from that things are going ok. P.
0,Ya that one is slow as poo
1,"Rock yr chik. Get 100's of filthy films &XXX pics on yr phone now. rply FILTH to 69669. Saristar Ltd, E14 9YT 08701752560. 450p per 5 days. Stop2 cancel"
0,It's ok i noe u're busy but i'm really too bored so i msg u. I oso dunno wat colour she choose 4 me one.
0,Happy New Year Princess!
1,Get a FREE mobile video player FREE movie. To collect text GO to 89105. Its free! Extra films can be ordered t's and c's apply. 18 yrs only
0,"That‘s the thing with apes, u can fight to the death to keep something, but the minute they have it when u let go, thats it!"
0,(You didn't hear it from me)
0,Reason is if the team budget is available at last they buy the unsold players for at base rate..
0,Are you staying in town ?
0,NOT ENUFCREDEIT TOCALL.SHALL ILEAVE UNI AT 6 +GET A BUS TO YOR HOUSE?
0,I am late. I will be there at
0,Wake me up at  &lt;#&gt;  am morning:)
0,"Aight, can you text me the address?"
0,My uncles in Atlanta. Wish you guys a great semester.
0,You are not bothering me but you have to trust my answers. Pls.
0,But if she.s drinkin i'm ok.
0,Yo you guys ever figure out how much we need for alcohol? Jay and I are trying to figure out how much we can safely spend on weed
0,Don't necessarily expect it to be done before you get back though because I'm just now headin out
0,For many things its an antibiotic and it can be used for chest abdomen and gynae infections even bone infections.
0,No message..no responce..what happend?
0,"I.ll always be there, even if its just in spirit. I.ll get a bb soon. Just trying to be sure i need it."
0,"Shit that is really shocking and scary, cant imagine for a second. Def up for night out. Do u think there is somewhere i could crash for night, save on taxi?"
0,Normally i use to drink more water daily:)
0,Ü bot notes oredi... Cos i juz rem i got...
0,I cant pick the phone right now. Pls send a message
0,Kaiez... Enjoy ur tuition... Gee... Thk e second option sounds beta... I'll go yan jiu den msg u...
0,IM GONNA MISS U SO MUCH
0,Awww dat is sweet! We can think of something to do he he! Have a nice time tonight ill probably txt u later cos im lonely :( xxx.
0,Oh yah... We never cancel leh... Haha 
0,I'm thinking that chennai forgot to come for auction..
0,No it's waiting in e car dat's bored wat. Cos wait outside got nothing 2 do. At home can do my stuff or watch tv wat.
0,"Edison has rightly said, ""A fool can ask more questions than a wise man can answer"" Now you know why all of us are speechless during ViVa.. GM,GN,GE,GNT:-)"
0,Hope ur head doesn't hurt 2 much ! Am ploughing my way through a pile of ironing ! Staying in with a chinky tonight come round if you like.
0,"Nothing really, just making sure everybody's up to speed"
1,Text & meet someone sexy today. U can find a date or even flirt its up to U. Join 4 just 10p. REPLY with NAME & AGE eg Sam 25. 18 -msg recd@thirtyeight pence
0,"Hey sexy buns ! Have I told you ? I adore you, loverboy. I hope you remember to thank your sister in law for those meatballs *grins* ... i love you, babe"
0,Please sen :)my kind advice :-)please come here and try:-)
0,It does it on its own. Most of the time it fixes my spelling. But sometimes it gets a completely diff word. Go figure
0,Now project pa. After that only i can come.
0,I am back. Good journey! Let me know if you need any of the receipts. Shall i tell you like the pendent?
0,Yar else i'll thk of all sorts of funny things.
0,No need to buy lunch for me.. I eat maggi mee..
0,You'd like that wouldn't you? Jerk!
0,Cos darren say ü considering mah so i ask ü...
0,I can ask around but there's not a lot in terms of mids up here
0,"Height of ""Oh shit....!!"" situation: A guy throws a luv letter on a gal but falls on her brothers head whos a gay,.;-):-D"
0,"Wait that's still not all that clear, were you not sure about me being sarcastic or that that's why x doesn't want to live with us"
0,When u wana see it then
0,Ok.
0,Ard 4 lor...
0,Anything lor if they all go then i go lor...
0,Wah... Okie okie... Muz make use of e unlimited... Haha... 
0,"Call me. I m unable to cal. Lets meet bhaskar, and deep"
0,Your opinion about me? 1. Over 2. Jada 3. Kusruthi 4. Lovable 5. Silent 6. Spl character 7. Not matured 8. Stylish 9. Simple Pls reply..
0,Lol they don't know about my awesome phone. I could click delete right now if I want.
0,Si si. I think ill go make those oreo truffles.
0,Do u noe how 2 send files between 2 computers?
0,Mum say we wan to go then go... Then she can shun bian watch da glass exhibition... 
0,Two teams waiting for some players
0,Good night my dear.. Sleepwell&amp;Take care
0,Cant think of anyone with * spare room off * top of my head
0,I'm gonna rip out my uterus.
0,Surely result will offer:)
1,Refused a loan? Secured or Unsecured? Can't get credit? Call free now 0800 195 6669 or text back 'help' & we will!
0,HEY GIRL. HOW R U? HOPE U R WELL ME AN DEL R BAK! AGAIN LONG TIME NO C! GIVE ME A CALL SUM TIME FROM LUCYxx
0,Dhoni have luck to win some big title.so we will win:)
1,XMAS Prize draws! We are trying to contact U. Todays draw shows that you have won a £2000 prize GUARANTEED. Call 09058094565 from land line. Valid 12hrs only
0,Oh k k:)but he is not a big hitter.anyway good
0,Good. do you think you could send me some pix? I would love to see your top and bottom...
0,So there's a ring that comes with the guys costumes. It's there so they can gift their future yowifes. Hint hint
0,Think + da. You wil do.
0,I got to video tape pple type in message lor. U so free wan 2 help me? Hee... Cos i noe u wan 2 watch infernal affairs so ask u along. Asking shuhui oso.
0,Its a valentine game. . . send dis msg to all ur friends. . If 5 answers r d same then someone really loves u. . Ques- which colour suits me the best?
0,S but mostly not like that.
0,I cant keep talking to people if am not sure i can pay them if they agree to price. So pls tell me what you want to really buy and how much you are willing to pay
0,I went to project centre
1,Natalja (25/F) is inviting you to be her friend. Reply YES-440 or NO-440 See her: www.SMS.ac/u/nat27081980 STOP? Send STOP FRND to 62468
0,No i am not having not any movies in my laptop
0,SORRY IM STIL FUCKED AFTER LAST NITE WENT TOBED AT 430 GOT UP 4 WORK AT 630
0,"The gas station is like a block away from my house, you'll drive right by it since armenia ends at swann and you have to take howard"
0,"Good stuff, will do."
0,Ha ha ha good joke. Girls are situation seekers.
0,"Aight, sounds good. When do you want me to come down?"
0,How much are we getting?
0,excellent. I spent  &lt;#&gt;  years in the Air Force. Iraq and afghanistan. I am stable and honest. do you like traveling?
0,Pls dont restrict her from eating anythin she likes for the next two days.
0,When did i use soc... I use it only at home... Ü dunno how 2 type it in word ar...
1,Win a £1000 cash prize or a prize worth £5000
0,Sure! I am driving but will reach my destination soon.
0,Hey now am free you can call me.
0,"FR'NDSHIP is like a needle of a clock. Though V r in d same clock, V r nt able 2 met. Evn if V meet,itz only 4few seconds. Bt V alwys stay conected. Gud 9t;-)"
1,"In The Simpsons Movie released in July 2007 name the band that died at the start of the film? A-Green Day, B-Blue Day, C-Red Day. (Send A, B or C)"
0,"Jus chillaxin, what up"
0,I am in a marriage function
0,I had a good time too. Its nice to do something a bit different with my weekends for a change. See ya soon
0,First has she gained more than  &lt;#&gt; kg since she took in. Second has she done the blood sugar tests. If she has and its ok and her blood pressure is within normal limits then no worries
0,There the size of elephant tablets & u shove um up ur ass!!
0,R u still working now?
0,Haha... Yup hopefully  we will lose a few kg by mon. after hip hop can go orchard and weigh again
0,Omg it could snow here tonite!
0,Dude im no longer a pisces. Im an aquarius now.
0,Our Prasanth ettans mother passed away last night. Just pray for her and family.
1,You won't believe it but it's true. It's Incredible Txts! Reply G now to learn truly amazing things that will blow your mind. From O2FWD only 18p/txt
0,Just glad to be talking to you.
0,"No, but you told me you were going, before you got drunk!"
0,I want snow. It's just freezing and windy.
0,"Nothing, smsing u n xy lor. Sorry lor da guys neva c u in person but they sort of know u lor. So u wan 2 meet them xy ask me 2 bring u along 4 our next meeting."
0,I just made some payments so dont have that much. Sorry. Would you want it fedex or the other way.
1,Send a logo 2 ur lover - 2 names joined by a heart. Txt LOVE NAME1 NAME2 MOBNO eg LOVE ADAM EVE 07123456789 to 87077 Yahoo! POBox36504W45WQ TxtNO 4 no ads 150p
0,Mmmm.... I cant wait to lick it!
1,Dear Voucher Holder 2 claim your 1st class airport lounge passes when using Your holiday voucher call 08704439680. When booking quote 1st class x 2
0,"Sorry da thangam, very very sorry i am held up with prasad."
0,I'm still pretty weak today .. Bad day ?
0,Hey!!! I almost forgot ... Happy B-day babe ! I love ya!!
0,Ok
1,URGENT! We are trying to contact U. Todays draw shows that you have won a £800 prize GUARANTEED. Call 09050001295 from land line. Claim A21. Valid 12hrs only
0,Babe !!!! I LOVE YOU !!!! *covers your face in kisses*
0,Now that you have started dont stop. Just pray for more good ideas and anything i see that can help you guys i.ll forward you a link.
0,Have you started in skye
0,Horrible gal. Me in sch doing some stuff. How come u got mc?
0,R U &SAM P IN EACHOTHER. IF WE MEET WE CAN GO 2 MY HOUSE
0,I knew it... U slept v late yest? Wake up so late...
0,Sorry dude. Dont know how i forgot. Even after Dan reminded me. Sorry. Hope you guys had fun.
0,Gimme a few was  &lt;#&gt;  minutes ago
0,"K, want us to come by now?"
1,Congratulations ur awarded 500 of CD vouchers or 125gift guaranteed & Free entry 2 100 wkly draw txt MUSIC to 87066
1,dating:i have had two of these. Only started after i sent a text to talk sport radio last week. Any connection do you think or coincidence?
0,I gotta collect da car at 6 lei.
1,"U can WIN £100 of Music Gift Vouchers every week starting NOW Txt the word DRAW to 87066 TsCs www.Idew.com SkillGame, 1Winaweek, age16. 150ppermessSubscription"
0,"It‘s £6 to get in, is that ok?"
0,K...k...yesterday i was in cbe .
0,"Dear Sir,Salam Alaikkum.Pride and Pleasure meeting you today at the Tea Shop.We are pleased to send you our contact number at Qatar.Rakhesh an Indian.Pls save our Number.Respectful Regards."
0,Good morning princess! How are you?
0,U don't remember that old commercial?
0,Old Orchard near univ. How about you?
0,Miserable. They don't tell u that the side effects of birth control are massive gut wrenching cramps for the first 2 months. I didn't sleep at all last night.
0,I cant pick the phone right now. Pls send a message
0,Oh baby of the house. How come you dont have any new pictures on facebook
1,Please CALL 08712402578 immediately as there is an urgent message waiting for you
1,Send a logo 2 ur lover - 2 names joined by a heart. Txt LOVE NAME1 NAME2 MOBNO eg LOVE ADAM EVE 07123456789 to 87077 Yahoo! POBox36504W45WQ TxtNO 4 no ads 150p.
0,"Wen ur lovable bcums angry wid u, dnt take it seriously.. Coz being angry is d most childish n true way of showing deep affection, care n luv!.. kettoda manda... Have nice day da."
0,Kay... Since we are out already 
0,Hey no I ad a crap nite was borin without ya 2 boggy with me u boring biatch! Thanx but u wait til nxt time il ave ya 
0,Then i buy.
0,K still are you loving me.
0,Message:some text missing* Sender:Name Missing* *Number Missing *Sent:Date missing *Missing U a lot thats y everything is missing sent via fullonsms.com
0,How is your schedule next week? I am out of town this weekend.
0,"I'm gonna be home soon and i don't want to talk about this stuff anymore tonight, k? I've cried enough today."
0,"K, I'll work something out"
0,Haven't eaten all day. I'm sitting here staring at this juicy pizza and I can't eat it. These meds are ruining my life.
0,Unlimited texts. Limited minutes.
0,And also I've sorta blown him off a couple times recently so id rather not text him out of the blue looking for weed
0,Send me your resume:-)
0,Give me a sec to think think about it
0,So i could kiss and feel you next to me...
0,2 and half years i missed your friendship:-)
0,"Sez, hows u & de arab boy? Hope u r all good give my love 2 evry1 love ya eshxxxxxxxxxxx"
0,Oh... Okie lor...We go on sat... 
0,MY NEW YEARS EVE WAS OK. I WENT TO A PARTY WITH MY BOYFRIEND. WHO IS THIS SI THEN HEY
0,ELLO BABE U OK?
0,(That said can you text him one more time?)
0,Went to pay rent. So i had to go to the bank to authorise the payment.
0,You call him now ok i said call him
0,S...i will take mokka players only:)
1,You have 1 new message. Please call 08715205273
0,I think its far more than that but find out. Check google maps for a place from your dorm.
0,I'm sorry. I've joined the league of people that dont keep in touch. You mean a great deal to me. You have been a friend at all times even at great personal cost. Do have a great week.|
0,Wishing you a wonderful week.
0,"Sorry I flaked last night, shit's seriously goin down with my roommate, what you up to tonight?"
0,"I thought i'd get him a watch, just cos thats the kind of thing u get4an18th. And he loves so much!"
0,"Feb  &lt;#&gt;  is ""I LOVE U"" day. Send dis to all ur ""VALUED FRNDS"" evn me. If 3 comes back u'll gt married d person u luv! If u ignore dis u will lose ur luv 4 Evr"
0,Then u go back urself lor...
0,Or better still can you catch her and let ask her if she can sell  &lt;#&gt;  for me.
0,So when you gonna get rimac access 
1,U have a secret admirer. REVEAL who thinks U R So special. Call 09065174042. To opt out Reply REVEAL STOP. 1.50 per msg recd. Cust care 07821230901
0,10 min later k...
0,Dunno lei... I might b eatin wif my frens... If ü wan to eat then i wait 4 ü lar
0,"Uh, heads up we don't have THAT much left"
0,Dont think so. It turns off like randomlly within 5min of opening
0,How much i gave to you. Morning.
0,I miss you so much I'm so desparate I have recorded the message you left for me the other day and listen to it just to hear the sound of your voice. I love you
0,He says hi and to get your ass back to south tampa (preferably at a kegger)
0,"Do 1 thing! Change that sentence into: ""Because i want 2 concentrate in my educational career im leaving here.."""
0,I am on the way to tirupur.
0,"Like  &lt;#&gt; , same question"
0,R u meeting da ge at nite tmr?
0,U studying in sch or going home? Anyway i'll b going 2 sch later.
0,Get ready to put on your excellent sub face :)
0,He fucking chickened out. He messaged me he would be late and woould buzz me and then I didn't hear a word from him
0,"All done, all handed in. Don't know if mega shop in asda counts as celebration but thats what i'm doing!"
0,Tmr timin still da same wat cos i got lesson until 6...
0,Ron say fri leh. N he said ding tai feng cant make reservations. But he said wait lor.
0,"Now u sound like manky scouse boy steve,like! I is travelling on da bus home.wot has u inmind 4 recreation dis eve?"
0,Can't take any major roles in community outreach. You rock mel
0,Thank you princess! You are so sexy...
0,Ok lor ü reaching then message me.
0,:) 
0,Yup he msg me: is tat yijue? Then i tot it's my group mate cos we meeting today mah... I'm askin if ü leaving earlier or wat mah cos mayb ü haf to walk v far...
0,I dont want to hear philosophy. Just say what happen
0,Talk to g and x about that
0,Did either of you have any idea's? Do you know of anyplaces doing something?
0,What happen to her tell the truth
0,Boo what time u get out? U were supposed to take me shopping today. :(
0,Jason says it's cool if we pick some up from his place in like an hour
0,Fine if thats the way u feel. Thats the way its gota b
0,U WILL SWITCH YOUR FONE ON DAMMIT!!
1,"FREE RING TONE just text ""POLYS"" to 87131. Then every week get a new tone. 0870737910216yrs only £1.50/wk."
1,"You have won ?1,000 cash or a ?2,000 prize! To claim, call09050000327"
0,Fine i miss you very much.
0,Pick you up bout 7.30ish? What time are  and that going?
0,I don't run away frm u... I walk slowly &amp; it kills me that u don't care enough to stop me...
0,tap & spile at seven. * Is that pub on gas st off broad st by canal. Ok?
0,Howz that persons story
0,"Greetings me, ! Consider yourself excused."
0,Which channel:-):-):):-).
0,Happy new year to u too!
0,I think u have the wrong number.
1,<Forwarded from 88877>FREE entry into our £250 weekly comp just send the word ENTER to 88877 NOW. 18 T&C www.textcomp.com
0,I wish that I was with you. Holding you tightly. Making you see how important you are. How much you mean to me ... How much I need you ... In my life ...
1,Great NEW Offer - DOUBLE Mins & DOUBLE Txt on best Orange tariffs AND get latest camera phones 4 FREE! Call MobileUpd8 free on 08000839402 NOW! or 2stoptxt T&Cs
1,FREE for 1st week! No1 Nokia tone 4 ur mobile every week just txt NOKIA to 8077 Get txting and tell ur mates. www.getzed.co.uk POBox 36504 W45WQ 16+ norm150p/tone
0,NEFT Transaction with reference number  &lt;#&gt;  for Rs. &lt;DECIMAL&gt;  has been credited to the beneficiary account on  &lt;#&gt;  at  &lt;TIME&gt; : &lt;#&gt;
1,You won't believe it but it's true. It's Incredible Txts! Reply G now to learn truly amazing things that will blow your mind. From O2FWD only 18p/txt
0,That's cause your old. I live to be high.
0,"Nah man, my car is meant to be crammed full of people"
0,Then what about further plan?
0,Am i that much dirty fellow?
0,I borrow ur bag ok.
0,I am going to film 2day da. At 6pm. Sorry da.
1,LORD OF THE RINGS:RETURN OF THE KING in store NOW!REPLY LOTR by 2 June 4 Chance 2 WIN LOTR soundtrack CDs StdTxtRate. Reply STOP to end txts
0,You're right I have now that I think about it
0,"House-Maid is the murderer, coz the man was murdered on  &lt;#&gt; th January.. As public holiday all govt.instituitions are closed,including post office..understand?"
0,Actually i deleted my old website..now i m blogging at magicalsongs.blogspot.com
0,Ü still attending da talks?
0,Who were those people ? Were you in a tour ? I thought you were doing that sofa thing you sent me ? Your curious sugar
1,HMV BONUS SPECIAL 500 pounds of genuine HMV vouchers to be won. Just answer 4 easy questions. Play Now! Send HMV to 86688 More info:www.100percent-real.com
0,Haha... can... But i'm having dinner with my cousin...
0,Lol now I'm after that hot air balloon!
0,"I‘ve got some salt, you can rub it in my open wounds if you like!"
0,"Oh fine, I'll be by tonight"
0,Hey what's up charles sorry about the late reply.
0,"Sure, whenever you show the fuck up &gt;:("
0,I take it the post has come then! You must have 1000s of texts now! Happy reading. My one from wiv hello caroline at the end is my favourite. Bless him
0,K.k..how is your sister kids?
1,"Free Msg: get Gnarls Barkleys ""Crazy"" ringtone TOTALLY FREE just reply GO to this message right now!"
0,K.k:)advance happy pongal.
1,tells u 2 call 09066358152 to claim £5000 prize. U have 2 enter all ur mobile & personal details @ the prompts. Careful!
0,Is xy going 4 e lunch?
0,"Sorry, I'll call later"
0,Thank you. do you generally date the brothas?
0,This weekend is fine (an excuse not to do too much decorating)
0,"Helloooo... Wake up..! ""Sweet"" ""morning"" ""welcomes"" ""You"" ""Enjoy"" ""This Day"" ""with full of joy"".. ""GUD MRNG""."
0,Ok then i will come to ur home after half an hour
0,Okie... Thanx...
1,"FreeMsg: Claim ur 250 SMS messages-Text OK to 84025 now!Use web2mobile 2 ur mates etc. Join Txt250.com for 1.50p/wk. T&C BOX139, LA32WU. 16 . Remove txtX or stop"
0,Still work going on:)it is very small house.
0,Olol i printed out a forum post by a guy with the exact same  prob which was fixed with a gpu replacement. Hopefully they dont ignore that.
0,Hai priya are you right. What doctor said pa. Where are you.
0,"Just sent you an email – to an address with incomm in it, is that right?"
0,I dled 3d its very imp
0,&lt;#&gt;  am I think? Should say on syllabus
0,Hi neva worry bout da truth coz the truth will lead me 2 ur heart. Its the least a unique person like u deserve. Sleep tight or morning
1,"Call 09094100151 to use ur mins! Calls cast 10p/min (mob vary). Service provided by AOM, just GBP5/month. AOM Box61,M60 1ER until u stop. Ages 18+ only!"
0,"I'm taking derek &amp; taylor to walmart, if I'm not back by the time you're done just leave the mouse on my desk and I'll text you when priscilla's ready"
0,Quite late lar... Ard 12 anyway i wun b drivin...
0,So u workin overtime nigpun?
1,Customer Loyalty Offer:The NEW Nokia6650 Mobile from ONLY £10 at TXTAUCTION! Txt word: START to No: 81151 & get yours Now! 4T&Ctxt TC 150p/MTmsg
0,Hey do you want anything to buy:)
1,"Loan for any purpose £500 - £75,000. Homeowners + Tenants welcome. Have you been previously refused? We can still help. Call Free 0800 1956669 or text back 'help'"
0,Also remember the beads don't come off. Ever.
0,Ok i'm coming home now.
0,Ok i msg u b4 i leave my house.
1,FreeMsg Today's the day if you are ready! I'm horny & live in your town. I love sex fun & games! Netcollex Ltd 08700621170150p per msg reply Stop to end
0,S.s:)i thinl role is like sachin.just standing. Others have to hit.
0,"I sent my scores to sophas and i had to do secondary application for a few schools. I think if you are thinking of applying, do a research on cost also. Contact joke ogunrinde, her school is one me the less expensive ones"
0,Infact happy new year. How are you where are you when are we seeing
0,My trip was ok but quite tiring lor. Uni starts today but it's ok 4 me cos i'm not taking any modules but jus concentrating on my final yr project.
0,"Call me da, i am waiting for your call."
0,Ummmmmaah Many many happy returns of d day my dear sweet heart.. HAPPY BIRTHDAY dear
0,"fyi I'm at usf now, swing by the room whenever"
0,How will I creep on you now? ;_;
0,"Text me when you get off, don't call, my phones having problems"
0,"Sir Goodmorning, Once free call me."
0,Please reserve ticket on saturday eve from chennai to thirunelvali and again from tirunelvali to chennai on sunday eve...i already see in net..no ticket available..i want to book ticket through tackle ..
0,Well keep in mind I've only got enough gas for one more round trip barring a sudden influx of cash
0,"CAN I PLEASE COME UP NOW IMIN TOWN.DONTMATTER IF URGOIN OUTL8R,JUST REALLYNEED 2DOCD.PLEASE DONTPLEASE DONTIGNORE MYCALLS,U NO THECD ISV.IMPORTANT TOME 4 2MORO"
0,"Em, its olowoyey@ usc.edu have a great time in argentina. Not sad about secretary, everything is a blessing"
0,Yes..he is really great..bhaji told kallis best cricketer after sachin in world:).very tough to get out.
0,Howz that persons story
0,What's the significance?
0,"Hmm... Dunno leh, mayb a bag 4 goigng out dat is not too small. Or jus anything except perfume, smth dat i can keep."
0,And how's your husband.
0,K...k:)why cant you come here and search job:)
0,Better. Made up for Friday and stuffed myself like a pig yesterday. Now I feel bleh. But at least its not writhing pain kind of bleh.
0,"Fighting with the world is easy, u either win or lose bt fightng with some1 who is close to u is dificult if u lose - u lose if u win - u still lose."
0,Wat u doing there?
0,"sorry brah, just finished the last of my exams, what up"
0,Hey they r not watching movie tonight so i'll prob b home early...
0,So how many days since then?
0,Dont know supports ass and srt i thnk. I think ps3 can play through usb too
0,"So check your errors and if you had difficulties, do correction."
0,Hi its in durban are you still on this number
0,"Hi, Mobile no.  &lt;#&gt;  has added you in their contact list on www.fullonsms.com It s a great place to send free sms to people For more visit fullonsms.com"
0,"(No promises on when though, haven't even gotten dinner yet)"
0,You do your studies alone without anyones help. If you cant no need to study.
0,No. Thank you. You've been wonderful
0,"Oops, I'll let you know when my roommate's done"
0,Ya just telling abt tht incident..
0,Ok no prob...
0,"A boy was late 2 home. His father: ""POWER OF FRNDSHIP"""
0,Will be out of class in a few hours. Sorry
0,Nope i waiting in sch 4 daddy... 
0,Going on nothing great.bye
0,I see a cup of coffee animation
0,"Camera quite good, 10.1mega pixels, 3optical and 5digital dooms. Have a lovely holiday, be safe and i hope you hav a good journey! Happy new year to you both! See you in a couple of weeks! "
1,Free Msg: Ringtone!From: http://tms. widelive.com/index. wml?id=1b6a5ecef91ff9*37819&first=true18:0430-JUL-05
0,Ok... Then r we meeting later?
0,"No we put party 7 days a week and study lightly, I think we need to draw in some custom checkboxes so they know we're hardcore"
0,"Oh, yes, I've just been a little under the weather so i've kind of been coccooning at home"
0,Hello beautiful r u ok? I've kinda ad a row wiv and he walked out the pub?? I wanted a night wiv u Miss u 
0,"Sorry, I can't help you on this."
0,Hey! There's veggie pizza... :/
0,"Jane babes not goin 2 wrk, feel ill after lst nite. Foned in already cover 4 me chuck.:-)"
0,No other Valentines huh? The proof is on your fb page. Ugh I'm so glad I really DIDN'T watch your rupaul show you TOOL!
0,I also thk too fast... Xy suggest one not me. U dun wan it's ok. Going 2 rain leh where got gd.
1,LIFE has never been this much fun and great until you came in. You made it truly special for me. I won't forget you! enjoy @ one gbp/sms
1,"Someone U know has asked our dating service 2 contact you! Cant Guess who? CALL 09058097189 NOW all will be revealed. POBox 6, LS15HB 150p "
1,PRIVATE! Your 2003 Account Statement for shows 800 un-redeemed S. I. M. points. Call 08715203652 Identifier Code: 42810 Expires 29/10/0
1,5p 4 alfie Moon's Children in need song on ur mob. Tell ur m8s. Txt Tone charity to 8007 for Nokias or Poly charity for polys: zed 08701417012 profit 2 charity.
0,"Yo, the game almost over? Want to go to walmart soon"
0,I am not sure about night menu. . . I know only about noon menu
0,Good Morning my Dear........... Have a great &amp; successful day.
1,FREE for 1st week! No1 Nokia tone 4 ur mob every week just txt NOKIA to 8007 Get txting and tell ur mates www.getzed.co.uk POBox 36504 W45WQ norm150p/tone 16+
0,Purity of friendship between two is not about smiling after reading the forwarded message..Its about smiling just by seeing the name. Gud evng
0,"Sorry chikku, my cell got some problem thts y i was nt able to reply u or msg u.."
0,No need for the drug anymore.
0,Update your face book status frequently :)
0,Just taste fish curry :-P
0,Armand says get your ass over to epsilon
0,"I know you are thinkin malaria. But relax, children cant handle malaria. She would have been worse and its gastroenteritis. If she takes enough to replace her loss her temp will reduce. And if you give her malaria meds now she will just vomit. Its a self limiting illness she has which means in a few days it will completely stop"
0,I'm still looking for a car to buy. And have not gone 4the driving test yet.
0,Its just the effect of irritation. Just ignore it
0,You have registered Sinco as Payee. Log in at icicibank.com and enter URN  &lt;#&gt;  to confirm. Beware of frauds. Do NOT share or disclose URN to anyone.
0,"Sorry, I'll call later"
0,ALSO TELL HIM I SAID HAPPY BIRTHDAY
0,If u dun drive then how i go 2 sch.
0,"Wow ... I love you sooo much, you know ? I can barely stand it ! I wonder how your day goes and if you are well, my love ... I think of you and miss you"
1,"Ur balance is now £600. Next question: Complete the landmark, Big, A. Bob, B. Barry or C. Ben ?. Text A, B or C to 83738. Good luck!"
0,My computer just fried the only essential part we don't keep spares of because my fucking idiot roommates looovvve leaving the thing running on full  &lt;#&gt; /7
0,You will go to walmart. I.ll stay.
0,Come by our room at some point so we can iron out the plan for this weekend
0,I'm not driving... Raining! Then i'll get caught at e mrt station lor.
0,Y bishan lei... I tot ü say lavender? 
0,No probs hon! How u doinat the mo?
0,Dude sux for snake. He got old and raiden got buff
0,U still painting ur wall?
0,I'm at home. Please call
0,Yep get with the program. You're slacking.
0,You know what hook up means right?
0,I have no idea where you are
1,"URGENT! You have won a 1 week FREE membership in our £100,000 Prize Jackpot! Txt the word: CLAIM to No: 81010 T&C www.dbuk.net LCCLTD POBOX 4403LDNW1A7RW18"
0,K.k.how is your business now?
0,How many licks does it take to get to the center of a tootsie pop?
1,Urgent! Please call 09061213237 from landline. £5000 cash or a luxury 4* Canary Islands Holiday await collection. T&Cs SAE PO Box 177. M227XY. 150ppm. 16+
0,I am in bus on the way to calicut
0,It has issues right now. Ill fix for her by tomorrow.
0,Why you Dint come with us.
0,I reach home safe n sound liao...
0,Oops i thk i dun haf enuff... I go check then tell ü..
0,Call to the number which is available in appointment. And ask to connect the call to waheed fathima.
0,"Yes, princess. Toledo."
0,Whens your radio show?
1,You have won a guaranteed £200 award or even £1000 cashto claim UR award call free on 08000407165 (18+) 2 stop getstop on 88222 PHP. RG21 4JX
0,I was at bugis juz now wat... But now i'm walking home oredi... Ü so late then reply... I oso saw a top dat i like but din buy... Where r ü now? 
0,Are you up for the challenge? I know i am :)
0,Mm i had my food da from out
0,K k pa Had your lunch aha.
0,Yup... From what i remb... I think should be can book... 
0,Can ü all decide faster cos my sis going home liao..
1,Free 1st week entry 2 TEXTPOD 4 a chance 2 win 40GB iPod or £250 cash every wk. Txt VPOD to 81303 Ts&Cs www.textpod.net custcare 08712405020.
0,Are you willing to go for aptitude class.
0,Huh y lei...
0,True dear..i sat to pray evening and felt so.so i sms'd you in some time...
1,"Eerie Nokia tones 4u, rply TONE TITLE to 8007 eg TONE DRACULA to 8007 Titles: GHOST, ADDAMSFA, MUNSTERS, EXORCIST, TWILIGHT www.getzed.co.uk POBox36504W45WQ 150p "
0,So wats ur opinion abt him and how abt is character?
0,"yeah, that's what I was thinking"
0,Hahaha..use your brain dear
0,"Hey , is * rite u put »10 evey mnth is that all?"
0,I'm always on yahoo messenger now. Just send the message to me and i.ll get it you may have to send it in the mobile mode sha but i.ll get it. And will reply.
0,"LOOK AT AMY URE A BEAUTIFUL, INTELLIGENT WOMAN AND I LIKE U A LOT. I KNOW U DONT LIKE ME LIKE THAT SO DONT WORRY."
0,Sorry completely forgot * will pop em round this week if your still here?
0,I cant pick the phone right now. Pls send a message
1,-PLS STOP bootydelious (32/F) is inviting you to be her friend. Reply YES-434 or NO-434 See her: www.SMS.ac/u/bootydelious STOP? Send STOP FRND to 62468
0,Lol! U drunkard! Just doing my hair at d moment. Yeah still up 4 tonight. Wats the plan? 
0,I'm at home. Please call
0,"Sorry, I'll call later in meeting"
1,RECPT 1/3. You have ordered a Ringtone. Your order is being processed...
0,LOL that would be awesome payback.
0,Sac needs to carry on:)
1,Someone has contacted our dating service and entered your phone because they fancy you! To find out who it is call from a landline 09111032124 . PoBox12n146tf150p
0,"Aldrine, rakhesh ex RTM here.pls call.urgent."
0,Doing project w frens lor. 
1,I don't know u and u don't know me. Send CHAT to 86688 now and let's find each other! Only 150p/Msg rcvd. HG/Suite342/2Lands/Row/W1J6HL LDN. 18 years or over.
0,No no. I will check all rooms befor activities
0,Morning only i can ok.
0,Only 2% students solved this CAT question in 'xam... 5+3+2= &lt;#&gt;  9+2+4= &lt;#&gt;  8+6+3= &lt;#&gt;  then 7+2+5=????? Tell me the answer if u r brilliant...1thing.i got d answr.
0,Ok
0,"Merry Christmas to you too babe, i love ya *kisses*"
0,"We are hoping to get away by 7, from Langport. You still up for town tonight?"
0,U r too much close to my heart. If u go away i will be shattered. Plz stay with me.
0,X course it 2yrs. Just so her messages on messenger lik you r sending me
0,I love to wine and dine my lady!
0,Im just wondering what your doing right now?
0,Ya very nice. . .be ready on thursday
0,Not planned yet :)going to join company on jan 5 only.don know what will happen after that.
0,"Good FRIENDS CaRE for each Other.. CLoSE Friends UNDERSTaND each Other... and TRUE Friends STaY forever beyond words, beyond time. Gud ni8"
0,I'll let you know when it kicks in
0,Thats cool. How was your day?
0,Thankyou so much for the call. I appreciate your care.
0,"Sorry, went to bed early, nightnight"
1,URGENT This is our 2nd attempt to contact U. Your £900 prize from YESTERDAY is still awaiting collection. To claim CALL NOW 09061702893
0,ALRITE HUNNY!WOT U UP 2 2NITE? DIDNT END UP GOIN DOWN TOWN JUS DA PUB INSTEAD! JUS CHILLIN AT DA MO IN ME BEDROOM!LOVE JEN XXX.
0,Yup... I havent been there before... You want to go for the yoga? I can call up to book 
0,"Sorry, I'll call later"
0,Yeah confirmed for you staying at  that weekend
0,"Wen ur lovable bcums angry wid u, dnt take it seriously.. Coz being angry is d most childish n true way of showing deep affection, care n luv!.. kettoda manda... Have nice day da."
0,"Sorry, left phone upstairs. OK, might be hectic but would be all my birds with one fell swoop. It's a date."
0,"TODAY is Sorry day.! If ever i was angry with you, if ever i misbehaved or hurt you? plz plz JUST SLAP URSELF Bcoz, Its ur fault, I'm basically GOOD"
0,Not yet chikku..wat abt u?
0,Msg me when rajini comes.
0,Can u look 4 me in da lib i got stuff havent finish yet.
0,"Honeybee Said: *I'm d Sweetest in d World* God Laughed &amp; Said: *Wait,U Havnt Met d Person Reading This Msg* MORAL: Even GOD Can Crack Jokes! GM+GN+GE+GN:)"
1,"44 7732584351, Do you want a New Nokia 3510i colour phone DeliveredTomorrow? With 300 free minutes to any mobile + 100 free texts + Free Camcorder reply or call 08000930705."
0,Nothing just getting msgs by dis name wit different no's..
1,Camera - You are awarded a SiPix Digital Camera! call 09061221066 fromm landline. Delivery within 28 days.
0,Lol ok. I'll snatch her purse too.
0,Thanks for yesterday sir. You have been wonderful. Hope you enjoyed the burial. MojiBiola
0,"Like I made him throw up when we were smoking in our friend's car one time, it was awesome"
0,Where in abj are you serving. Are you staying with dad or alone.
1,"Bears Pic Nick, and Tom, Pete and ... Dick. In fact, all types try gay chat with photo upload call 08718730666 (10p/min). 2 stop texts call 08712460324"
0,I'm on da bus going home...
0,"THATS ALRITE GIRL, U KNOW GAIL IS NEVA WRONG!!TAKE CARE SWEET AND DONT WORRY.C U L8TR HUN!LOVE Yaxxx"
0,Mm that time you dont like fun
0,"Yeah I think my usual guy's still passed out from last night, if you get ahold of anybody let me know and I'll throw down"
0,I'm working technical support :)voice process.networking field.
0,Baaaaaaaabe! Wake up ! I miss you ! I crave you! I need you!
0,I'll reach in ard 20 mins ok...
0,Did u turn on the heater? The heater was on and set to &lt;#&gt; degrees.
0,I am on the way to ur home
0,Thx. All will be well in a few months
0,My sort code is  and acc no is . The bank is natwest. Can you reply to confirm i've sent this to the right person!
0,"I didnt get ur full msg..sometext is missing, send it again"
0,K.k.this month kotees birthday know?
0,I'm already back home so no probably not
0,"Sorry, I'll call later"
1,"SIX chances to win CASH! From 100 to 20,000 pounds txt> CSH11 and send to 87575. Cost 150p/day, 6days, 16+ TsandCs apply Reply HL 4 info"
0,I will send them to your email. Do you mind  &lt;#&gt;  times per night?
0,Hasn't that been the pattern recently crap weekends?
0,Studying. But i.ll be free next weekend.
0,Whom you waited for yesterday
0,Yes see ya not on the dot
0,Welp apparently he retired
0,i felt so...not any conveying reason.. Ese he... What about me?
0,Lol great now im getting hungry.
0,"Its ok, called mom instead have fun"
1,YOU HAVE WON! As a valued Vodafone customer our computer has picked YOU to win a £150 prize. To collect is easy. Just call 09061743386
0,Mm have some kanji dont eat anything heavy ok
0,No sir. That's why i had an 8-hr trip on the bus last week. Have another audition next wednesday but i think i might drive this time.
0,Dear got train and seat mine lower seat
0,It should take about  &lt;#&gt;  min
0,No it was cancelled yeah baby! Well that sounds important so i understand my darlin give me a ring later on this fone love Kate x
0,He remains a bro amongst bros
1,Had your mobile 11 months or more? U R entitled to Update to the latest colour mobiles with camera for Free! Call The Mobile Update Co FREE on 08002986030
0,Oops. 4 got that bit.
0,No. But we'll do medical missions to nigeria
0,"7 wonders in My WORLD 7th You 6th Ur style 5th Ur smile 4th Ur Personality 3rd Ur Nature 2nd Ur SMS and 1st ""Ur Lovely Friendship""... good morning dear"
0,As per your request 'Maangalyam (Alaipayuthe)' has been set as your callertune for all Callers. Press *9 to copy your friends Callertune
0,His bday real is in april .
0,"Garbage bags, eggs, jam, bread, hannaford wheat chex"
0,Jus finish watching tv... U?
1,"Romantic Paris. 2 nights, 2 flights from £79 Book now 4 next year. Call 08704439680Ts&Cs apply."
0,"Nah, Wednesday. When should I bring the mini cheetos bag over?"
0,Ok anyway no need to change with what you said
0,Hi dis is yijue i would be happy to work wif ü all for gek1510...
0,I think the other two still need to get cash but we can def be ready by 9
0,"whatever, im pretty pissed off."
0,PISS IS TALKING IS SOMEONE THAT REALISE U THAT POINT THIS AT IS IT.(NOW READ IT BACKWARDS)
0,I'm aight. Wat's happening on your side.
0,There are many company. Tell me the language.
0,What i told before i tell. Stupid hear after i wont tell anything to you. You dad called to my brother and spoken. Not with me.
0,Otherwise had part time job na-tuition..
1,FREE for 1st week! No1 Nokia tone 4 ur mob every week just txt NOKIA to 8007 Get txting and tell ur mates www.getzed.co.uk POBox 36504 W45WQ norm150p/tone 16+
1,"Welcome to Select, an O2 service with added benefits. You can now call our specially trained advisors FREE from your mobile by dialling 402."
0,He is a womdarfull actor
0,"After my work ah... Den 6 plus lor... U workin oso rite... Den go orchard lor, no other place to go liao..."
0,"Say this slowly.? GOD,I LOVE YOU &amp; I NEED YOU,CLEAN MY HEART WITH YOUR BLOOD.Send this to Ten special people &amp; u c miracle tomorrow, do it,pls,pls do it..."
0,Exactly. Anyways how far. Is jide her to study or just visiting
0,Yes I know the cheesy songs from frosty the snowman :)
0,Good afternoon my boytoy. How goes that walking here and there day ? Did you get that police abstract? Are you still out and about? I wake and miss you babe
